"No.", "Time"    , "Source"     , "Destination", "Protocol", "Length", "Info"
"82" , "0.188854", "172.28.0.20", "172.28.0.10", "UDP"     , "113"   , "33559  >  5001 Len=71"
"83" , "0.189127", "172.28.0.10", "172.28.0.20", "UDP"     , "94"    , "5001  >  33559 Len=52"
"85" , "0.199655", "172.28.0.10", "172.28.0.20", "UDP"     , "94"    , "5001  >  33559 Len=52"
"87" , "0.210225", "172.28.0.10", "172.28.0.20", "UDP"     , "94"    , "5001  >  33559 Len=52"
"89" , "0.220945", "172.28.0.10", "172.28.0.20", "UDP"     , "94"    , "5001  >  33559 Len=52"
"91" , "0.231680", "172.28.0.10", "172.28.0.20", "UDP"     , "94"    , "5001  >  33559 Len=52"
"93" , "0.242412", "172.28.0.10", "172.28.0.20", "UDP"     , "94"    , "5001  >  33559 Len=52"
"95" , "0.253210", "172.28.0.10", "172.28.0.20", "UDP"     , "94"    , "5001  >  33559 Len=52"
"97" , "0.263945", "172.28.0.10", "172.28.0.20", "UDP"     , "94"    , "5001  >  33559 Len=52"
"99" , "0.274666", "172.28.0.10", "172.28.0.20", "UDP"     , "94"    , "5001  >  33559 Len=52"
"101", "0.285268", "172.28.0.10", "172.28.0.20", "UDP"     , "94"    , "5001  >  33559 Len=52"
"103", "0.295863", "172.28.0.10", "172.28.0.20", "UDP"     , "94"    , "5001  >  33559 Len=52"
"105", "0.306408", "172.28.0.10", "172.28.0.20", "UDP"     , "94"    , "5001  >  33559 Len=52"
"107", "0.316923", "172.28.0.10", "172.28.0.20", "UDP"     , "94"    , "5001  >  33559 Len=52"
"109", "0.327485", "172.28.0.10", "172.28.0.20", "UDP"     , "94"    , "5001  >  33559 Len=52"
"111", "0.338024", "172.28.0.10", "172.28.0.20", "UDP"     , "94"    , "5001  >  33559 Len=52"
"113", "0.348436", "172.28.0.10", "172.28.0.20", "UDP"     , "94"    , "5001  >  33559 Len=52"
"115", "0.358914", "172.28.0.10", "172.28.0.20", "UDP"     , "94"    , "5001  >  33559 Len=52"
"117", "0.369416", "172.28.0.10", "172.28.0.20", "UDP"     , "94"    , "5001  >  33559 Len=52"
"119", "0.379788", "172.28.0.10", "172.28.0.20", "UDP"     , "94"    , "5001  >  33559 Len=52"
"121", "0.390092", "172.28.0.10", "172.28.0.20", "UDP"     , "94"    , "5001  >  33559 Len=52"
"123", "0.400418", "172.28.0.10", "172.28.0.20", "UDP"     , "94"    , "5001  >  33559 Len=52"
"125", "0.410970", "172.28.0.10", "172.28.0.20", "UDP"     , "94"    , "5001  >  33559 Len=52"
"127", "0.421787", "172.28.0.10", "172.28.0.20", "UDP"     , "94"    , "5001  >  33559 Len=52"
"129", "0.432433", "172.28.0.10", "172.28.0.20", "UDP"     , "94"    , "5001  >  33559 Len=52"
"131", "0.443214", "172.28.0.10", "172.28.0.20", "UDP"     , "94"    , "5001  >  33559 Len=52"
"133", "0.453944", "172.28.0.10", "172.28.0.20", "UDP"     , "94"    , "5001  >  33559 Len=52"
"135", "0.464571", "172.28.0.10", "172.28.0.20", "UDP"     , "94"    , "5001  >  33559 Len=52"
"137", "0.475215", "172.28.0.10", "172.28.0.20", "UDP"     , "94"    , "5001  >  33559 Len=52"
"139", "0.485887", "172.28.0.10", "172.28.0.20", "UDP"     , "94"    , "5001  >  33559 Len=52"
"141", "0.496575", "172.28.0.10", "172.28.0.20", "UDP"     , "94"    , "5001  >  33559 Len=52"
"143", "0.507414", "172.28.0.10", "172.28.0.20", "UDP"     , "94"    , "5001  >  33559 Len=52"
"145", "0.518085", "172.28.0.10", "172.28.0.20", "UDP"     , "94"    , "5001  >  33559 Len=52"
"147", "0.528956", "172.28.0.10", "172.28.0.20", "UDP"     , "94"    , "5001  >  33559 Len=52"
"149", "0.539812", "172.28.0.10", "172.28.0.20", "UDP"     , "94"    , "5001  >  33559 Len=52"
"151", "0.550544", "172.28.0.10", "172.28.0.20", "UDP"     , "94"    , "5001  >  33559 Len=52"
"153", "0.561247", "172.28.0.10", "172.28.0.20", "UDP"     , "94"    , "5001  >  33559 Len=52"
"155", "0.571951", "172.28.0.10", "172.28.0.20", "UDP"     , "94"    , "5001  >  33559 Len=52"
"157", "0.582663", "172.28.0.10", "172.28.0.20", "UDP"     , "94"    , "5001  >  33559 Len=52"
"159", "0.593276", "172.28.0.10", "172.28.0.20", "UDP"     , "94"    , "5001  >  33559 Len=52"
"161", "0.603929", "172.28.0.10", "172.28.0.20", "UDP"     , "94"    , "5001  >  33559 Len=52"
"163", "0.614601", "172.28.0.10", "172.28.0.20", "UDP"     , "94"    , "5001  >  33559 Len=52"
"165", "0.625227", "172.28.0.10", "172.28.0.20", "UDP"     , "94"    , "5001  >  33559 Len=52"
"167", "0.635918", "172.28.0.10", "172.28.0.20", "UDP"     , "94"    , "5001  >  33559 Len=52"
"169", "0.646607", "172.28.0.10", "172.28.0.20", "UDP"     , "94"    , "5001  >  33559 Len=52"
"171", "0.657250", "172.28.0.10", "172.28.0.20", "UDP"     , "94"    , "5001  >  33559 Len=52"
"173", "0.667881", "172.28.0.10", "172.28.0.20", "UDP"     , "94"    , "5001  >  33559 Len=52"
"175", "0.678564", "172.28.0.10", "172.28.0.20", "UDP"     , "94"    , "5001  >  33559 Len=52"
"177", "0.689236", "172.28.0.10", "172.28.0.20", "UDP"     , "94"    , "5001  >  33559 Len=52"
"179", "0.700022", "172.28.0.10", "172.28.0.20", "UDP"     , "94"    , "5001  >  33559 Len=52"
"181", "0.710727", "172.28.0.10", "172.28.0.20", "UDP"     , "94"    , "5001  >  33559 Len=52"
"183", "0.721367", "172.28.0.10", "172.28.0.20", "UDP"     , "94"    , "5001  >  33559 Len=52"
"185", "0.732034", "172.28.0.10", "172.28.0.20", "UDP"     , "94"    , "5001  >  33559 Len=52"
"187", "0.742792", "172.28.0.10", "172.28.0.20", "UDP"     , "94"    , "5001  >  33559 Len=52"
"189", "0.753419", "172.28.0.10", "172.28.0.20", "UDP"     , "94"    , "5001  >  33559 Len=52"
"191", "0.764059", "172.28.0.10", "172.28.0.20", "UDP"     , "94"    , "5001  >  33559 Len=52"
"193", "0.774794", "172.28.0.10", "172.28.0.20", "UDP"     , "94"    , "5001  >  33559 Len=52"
"195", "0.785578", "172.28.0.10", "172.28.0.20", "UDP"     , "94"    , "5001  >  33559 Len=52"
"197", "0.796270", "172.28.0.10", "172.28.0.20", "UDP"     , "94"    , "5001  >  33559 Len=52"
"199", "0.806963", "172.28.0.10", "172.28.0.20", "UDP"     , "94"    , "5001  >  33559 Len=52"
"201", "0.817645", "172.28.0.10", "172.28.0.20", "UDP"     , "94"    , "5001  >  33559 Len=52"
"203", "0.828340", "172.28.0.10", "172.28.0.20", "UDP"     , "94"    , "5001  >  33559 Len=52"
"205", "0.839040", "172.28.0.10", "172.28.0.20", "UDP"     , "94"    , "5001  >  33559 Len=52"
"207", "0.849922", "172.28.0.10", "172.28.0.20", "UDP"     , "94"    , "5001  >  33559 Len=52"
"209", "0.860620", "172.28.0.10", "172.28.0.20", "UDP"     , "94"    , "5001  >  33559 Len=52"
"211", "0.871262", "172.28.0.10", "172.28.0.20", "UDP"     , "94"    , "5001  >  33559 Len=52"
"213", "0.881799", "172.28.0.10", "172.28.0.20", "UDP"     , "94"    , "5001  >  33559 Len=52"
"215", "0.892347", "172.28.0.10", "172.28.0.20", "UDP"     , "94"    , "5001  >  33559 Len=52"
"217", "0.902780", "172.28.0.10", "172.28.0.20", "UDP"     , "94"    , "5001  >  33559 Len=52"
"219", "0.913264", "172.28.0.10", "172.28.0.20", "UDP"     , "94"    , "5001  >  33559 Len=52"
"221", "0.923939", "172.28.0.10", "172.28.0.20", "UDP"     , "94"    , "5001  >  33559 Len=52"
"223", "0.934517", "172.28.0.10", "172.28.0.20", "UDP"     , "94"    , "5001  >  33559 Len=52"
"225", "0.945186", "172.28.0.10", "172.28.0.20", "UDP"     , "94"    , "5001  >  33559 Len=52"
"227", "0.955897", "172.28.0.10", "172.28.0.20", "UDP"     , "94"    , "5001  >  33559 Len=52"
"229", "0.966493", "172.28.0.10", "172.28.0.20", "UDP"     , "94"    , "5001  >  33559 Len=52"
"231", "0.977165", "172.28.0.10", "172.28.0.20", "UDP"     , "94"    , "5001  >  33559 Len=52"
"233", "0.987999", "172.28.0.10", "172.28.0.20", "UDP"     , "94"    , "5001  >  33559 Len=52"
"235", "0.998740", "172.28.0.10", "172.28.0.20", "UDP"     , "94"    , "5001  >  33559 Len=52"
"237", "1.009443", "172.28.0.10", "172.28.0.20", "UDP"     , "94"    , "5001  >  33559 Len=52"
"239", "1.020120", "172.28.0.10", "172.28.0.20", "UDP"     , "94"    , "5001  >  33559 Len=52"
"241", "1.030838", "172.28.0.10", "172.28.0.20", "UDP"     , "94"    , "5001  >  33559 Len=52"
"243", "1.041491", "172.28.0.10", "172.28.0.20", "UDP"     , "94"    , "5001  >  33559 Len=52"
"245", "1.052173", "172.28.0.10", "172.28.0.20", "UDP"     , "94"    , "5001  >  33559 Len=52"
"247", "1.062760", "172.28.0.10", "172.28.0.20", "UDP"     , "94"    , "5001  >  33559 Len=52"
"249", "1.073252", "172.28.0.10", "172.28.0.20", "UDP"     , "94"    , "5001  >  33559 Len=52"
"251", "1.083982", "172.28.0.10", "172.28.0.20", "UDP"     , "94"    , "5001  >  33559 Len=52"
